{
  "Йяза": 175609.80084843424,
  "Чюцю": 381557.8938579077,
  "Тюьэхэ": 624934.0,
  "Мюпашя": 57962.46559405655,
  "Борас": 3966.0,
  "Вуья": 175609.80084843424,
  "Хичя": 381557.8938579077,
  "Ната": 624934.0,
  "Фари": 57962.46559405655,
  "Хюмэп": 3966.0
}